path,sha256,record_type
main.m,6b2d8a4ef7408550a7dafb28768f73857e761a0b2b0fae6bbf1196b83dbeaada,preservation_check
configuration.m,06d95963c1199466b589c283a39870f922100e7788295902e019a0a96a8afbcd,preservation_check
computeRelativeGeometry.m,7fe061b33391e3087ffaae6ee5170e6aa25139fa903e4b59682a6eb9c32c8996,preservation_check
computePNGuidance.m,d014e5c102dc2d75438d21658f90b1f8385936d2effa0ab1356e3e198e8f5132,preservation_check
computeBankCommand.m,a768282a833dc7b53e0df58446c8cfacb72ba4fdd925e1a86ad93f11c9ba22bd,preservation_check
computeKinematics.m,674e0c8e98584d54b7996b71015cab0f83338eae5a5ee5f4231b4d5976ee4d01,preservation_check
visualizeSimulation.m,3799b37214571599d4de924228f26de70c8f7fcd36d534d1ae1e320174b5acb0,preservation_check
examples/guidance.m,ea0fc037563bded6f473d7a4a2c24870d9139eafedf8284e90f73fc72abd2779,preservation_check
docs/Classical_PN_Guidance_2D_Derivation_final.pptx,b47971b69ee35cff37062a83d83120afc4a16bf0c85412168b3138a6e7ad79c3,preservation_check
docs/Guidance_Software_Framework.pptx,d1d6c80fcadd95959345ef32ad6250bf3149b51c6814852c62a7ba2eccd7e67c,preservation_check
docs/Classical_PN_Guidance_2D_Derivation_final.pdf,779213b4ef018f04a7ddcf3f881d86c6adb0db0173ed723d99fe32bce038cbf6,preservation_check
docs/Guidance_Software_Framework.pdf,82ee62c2da08c52848979809370e988b819988f8057d635fb11c835de101d892,preservation_check
